title,topic,platform,date,views,likes,comments,shares,conversions
5 AI Tools for Students,AI,Instagram,2025-01-10,12500,850,120,230,85
How to Learn Python,Python,LinkedIn,2025-01-15,9800,620,95,180,72
Future of AI,AI,Instagram,2025-01-20,11200,710,105,195,68
AI Projects for Beginners,AI,LinkedIn,2025-01-25,15400,1100,160,310,125
Tech Industry News,Tech News,Instagram,2025-02-01,3200,145,20,35,8
Python Career Roadmap,Career,LinkedIn,2025-02-05,14100,920,135,260,110
10 Python Mistakes Beginners Make,Python,Instagram,2025-02-10,11800,790,115,220,91
AI Career Roadmap,Career,LinkedIn,2025-02-15,16800,1250,190,340,145
Latest Technology News,Tech News,LinkedIn,2025-02-20,4100,190,28,42,11
Build Your First AI App,AI,Instagram,2025-02-25,18200,1450,210,420,165
Python Automation Tutorial,Python,LinkedIn,2025-03-01,13200,880,125,245,105
AI News This Week,AI,Instagram,2025-03-05,7600,430,60,95,35
How to Get Your First Tech Job,Career,LinkedIn,2025-03-10,15500,1080,175,290,132
AI Projects for Your Portfolio,AI,LinkedIn,2025-03-15,19500,1620,240,460,180